building,week_start,occupied_hours,energy_kwh,baseline_kwh,comfort_incidents,maintenance_ticket
North Hall,2026-09-01,72,1020,1000,0,No
South Hall,2026-09-01,70,1125,1100,1,No
Library,2026-09-01,76,1510,1500,0,No
Science Centre,2026-09-01,74,1290,1300,0,No
North Hall,2026-09-08,73,1080,1000,1,No
South Hall,2026-09-08,71,1150,1100,0,No
Library,2026-09-08,77,1580,1500,1,No
Science Centre,2026-09-08,75,1315,1300,0,No
North Hall,2026-09-15,72,1045,1000,0,No
South Hall,2026-09-15,69,1265,1100,2,Yes
Library,2026-09-15,78,1535,1500,0,No
Science Centre,2026-09-15,74,1360,1300,1,No
North Hall,2026-09-22,71,1015,1000,0,No
South Hall,2026-09-22,70,1190,1100,1,No
Library,2026-09-22,75,1640,1500,2,Yes
Science Centre,2026-09-22,73,1325,1300,0,No
North Hall,2026-09-29,72,1310,1000,3,Yes
South Hall,2026-09-29,71,1135,1100,0,No
Library,2026-09-29,76,1550,1500,0,No
Science Centre,2026-09-29,74,1665,1300,2,Yes
North Hall,2026-10-06,70,1010,1000,0,No
South Hall,2026-10-06,72,1210,1100,1,No
Library,2026-10-06,77,1575,1500,0,No
Science Centre,2026-10-06,75,1340,1300,0,No

